Model,RMSE,MAE,R2 Score
XGBoost,0.1704067592758575,0.10838121506404368,0.9930185951542785
DNN,0.1984799622045265,0.13853315679778375,0.9905288541260487
Meta-Learner,0.06722511943316464,0.042654816005730206,0.9989134934383825
