Model,RMSE,MAE,R2 Score
XGBoost,0.16577308359694376,0.10416947211286226,0.9933931078043875
DNN,0.20381395849632064,0.14370962898853815,0.990012954316338
Meta-Learner,0.06768757797518307,0.04214980904331972,0.9988984933154013
