Model,RMSE,MAE,R2 Score
XGBoost,0.16577308359694376,0.10416947211286226,0.9933931078043875
DNN,0.19643980536232702,0.13429316588481682,0.9907225594767876
Meta-Learner,0.06920656300804315,0.04268045198987595,0.9988485005058939
